{"cameraMode":{"drawMode":0,"name":"Shaded","section":"Shading Mode"},"sceneLighting":true,"audioPlay":false,"sceneViewState":{"m_AlwaysRefresh":false,"showFog":true,"showSkybox":true,"showFlares":true,"showImageEffects":true,"showParticleSystems":true,"showVisualEffectGraphs":true,"m_FxEnabled":true},"in2DMode":false,"pivot":{"x":131.89987182617188,"y":862.9051513671875,"z":17.509502410888673},"rotation":{"x":-0.009304044768214226,"y":0.033589672297239307,"z":-0.0003129983088001609,"w":-0.9994003176689148},"size":388.5856628417969,"orthographic":false}