{"cameraMode":{"drawMode":0,"name":"Shaded","section":"Shading Mode"},"sceneLighting":true,"audioPlay":false,"sceneViewState":{"m_AlwaysRefresh":false,"showFog":true,"showSkybox":true,"showFlares":true,"showImageEffects":true,"showParticleSystems":true,"showVisualEffectGraphs":true,"m_FxEnabled":true},"in2DMode":false,"pivot":{"x":5.063916206359863,"y":7.686772346496582,"z":1.6837904453277588},"rotation":{"x":-0.058774564415216449,"y":-0.0068908873945474628,"z":0.0004056160687468946,"w":-0.9982557892799377},"size":18.951786041259767,"orthographic":false}