{"cameraMode":{"drawMode":0,"name":"Shaded","section":"Shading Mode"},"sceneLighting":true,"audioPlay":false,"sceneViewState":{"m_AlwaysRefresh":false,"showFog":true,"showSkybox":true,"showFlares":true,"showImageEffects":true,"showParticleSystems":true,"showVisualEffectGraphs":true,"m_FxEnabled":true},"in2DMode":false,"pivot":{"x":-0.5932208299636841,"y":1.3962355852127076,"z":-37.611106872558597},"rotation":{"x":-0.09254730492830277,"y":0.11533306539058685,"z":-0.010792822577059269,"w":-0.9889488816261292},"size":0.8660253882408142,"orthographic":false}