{"cameraMode":{"drawMode":0,"name":"Shaded","section":"Shading Mode"},"sceneLighting":false,"audioPlay":false,"sceneViewState":{"m_AlwaysRefresh":false,"showFog":true,"showSkybox":true,"showFlares":true,"showImageEffects":true,"showParticleSystems":true,"showVisualEffectGraphs":true,"m_FxEnabled":true},"in2DMode":false,"pivot":{"x":8.329981803894043,"y":-3.2690300941467287,"z":-1.3727011680603028},"rotation":{"x":0.06615886837244034,"y":0.055660415440797809,"z":-0.0036909556947648527,"w":0.9962525367736816},"size":8.870996475219727,"orthographic":false}