{"cameraMode":{"drawMode":0,"name":"Shaded","section":"Shading Mode"},"sceneLighting":false,"audioPlay":false,"sceneViewState":{"m_AlwaysRefresh":false,"showFog":true,"showSkybox":true,"showFlares":true,"showImageEffects":true,"showParticleSystems":true,"showVisualEffectGraphs":true,"m_FxEnabled":true},"in2DMode":false,"pivot":{"x":-0.18556244671344758,"y":0.4345678687095642,"z":0.1536719799041748},"rotation":{"x":0.017646679654717447,"y":0.06952998042106629,"z":0.0012308438308537007,"w":-0.9974186420440674},"size":0.9784877896308899,"orthographic":false}