{"cameraMode":{"drawMode":0,"name":"Shaded","section":"Shading Mode"},"sceneLighting":false,"audioPlay":false,"sceneViewState":{"m_AlwaysRefresh":false,"showFog":true,"showSkybox":true,"showFlares":true,"showImageEffects":true,"showParticleSystems":true,"showVisualEffectGraphs":true,"m_FxEnabled":true},"in2DMode":false,"pivot":{"x":4.493614673614502,"y":-1.0747133493423463,"z":-2.2896361351013185},"rotation":{"x":-0.05200182646512985,"y":0.41854289174079897,"z":-0.024012519046664239,"w":-0.9063908457756043},"size":0.333541601896286,"orthographic":false}